<?xml version="1.0"?>

<!--
 Copyright 2011 Free Software Foundation, Inc.
 
 This file is part of GNU Radio
 
 GNU Radio is free software; you can redistribute it and/or modify
 it under the terms of the GNU General Public License as published by
 the Free Software Foundation; either version 3, or (at your option)
 any later version.
 
 GNU Radio is distributed in the hope that it will be useful,
 but WITHOUT ANY WARRANTY; without even the implied warranty of
 MERCHANTABILITY or FITNESS FOR A PARTICULAR PURPOSE.  See the
 GNU General Public License for more details.
 
 You should have received a copy of the GNU General Public License
 along with GNU Radio; see the file COPYING.  If not, write to
 the Free Software Foundation, Inc., 51 Franklin Street,
 Boston, MA 02110-1301, USA.
-->

<!--
###################################################
##Block Tree for GR Digital blocks.
###################################################
 -->
<cat>
	<name></name> <!-- Blank for Root Name -->
	<cat>
		<name>Digital</name>
		<block>digital_additive_scrambler_bb</block>
		<block>digital_binary_slicer_fb</block>
		<block>digital_bytes_to_syms</block>
		<block>digital_chunks_to_symbols_xx</block>
		<block>digital_clock_recovery_mm_xx</block>
		<block>digital_cma_equalizer_cc</block>
		<block>digital_constellation_decoder_cb</block>
		<block>digital_constellation_receiver_cb</block>
		<block>digital_correlate_access_code_bb</block>
		<block>digital_costas_loop_cc</block>
		<block>digital_descrambler_bb</block>
		<block>digital_fll_band_edge_cc</block>
		<block>digital_glfsr_source_x</block>
		<block>digital_kurtotic_equalizer_cc</block>
		<block>digital_lms_dd_equalizer_cc</block>
		<block>digital_map_bb</block>
		<block>digital_mpsk_receiver_cc</block>
		<block>digital_mpsk_snr_est_cc</block>
		<block>digital_pfb_clock_sync_xxx</block>
		<block>digital_pn_correlator_cc</block>
		<block>digital_probe_density_b</block>
		<block>digital_probe_mpsk_snr_est_c</block>
		<block>digital_scrambler_bb</block>
		<block>digital_diff_decoder_bb</block>
		<block>digital_diff_encoder_bb</block>
		<block>digital_diff_phasor_cc</block>
		<block>digital_framer_sink_1</block>
		<block>digital_packet_sink</block>
		<block>digital_simple_framer</block>
	</cat>
	<cat>
		<name>Digital Modulators</name>
		<block>digital_dxpsk_mod</block>
		<block>digital_dxpsk_demod</block>
		<block>digital_psk_mod</block>
		<block>digital_psk_demod</block>
		<block>digital_qam_mod</block>
		<block>digital_qam_demod</block>
		<block>digital_gmskmod_bc</block>
		<block>digital_cpmmod_bc</block>
		<block>digital_gmsk_mod</block>
		<block>digital_gmsk_demod</block>
	</cat>
	<cat>
                <name>OFDM</name>
		<block>digital_ofdm_mod</block>
		<block>digital_ofdm_demod</block>
		<block>digital_ofdm_cyclic_prefixer</block>
		<block>digital_ofdm_frame_acquisition</block>
		<block>digital_ofdm_insert_preamble</block>
		<block>digital_ofdm_sampler</block>
		<block>digital_ofdm_sync_pn</block>
	</cat>
</cat>
