<?xml version="1.0"?>

<!--
 Copyright 2009,2010,2011 Free Software Foundation, Inc.
 
 This file is part of GNU Radio
 
 GNU Radio is free software; you can redistribute it and/or modify
 it under the terms of the GNU General Public License as published by
 the Free Software Foundation; either version 3, or (at your option)
 any later version.
 
 GNU Radio is distributed in the hope that it will be useful,
 but WITHOUT ANY WARRANTY; without even the implied warranty of
 MERCHANTABILITY or FITNESS FOR A PARTICULAR PURPOSE.  See the
 GNU General Public License for more details.
 
 You should have received a copy of the GNU General Public License
 along with GNU Radio; see the file COPYING.  If not, write to
 the Free Software Foundation, Inc., 51 Franklin Street,
 Boston, MA 02110-1301, USA.
-->

<!--
###################################################
## DPSK Mod - 2, 4, 8
###################################################
 -->
<block>
	<name>DPSK Mod</name>
	<key>digital_dxpsk_mod</key>
	<import>from gnuradio import digital</import>
	<make>digital.$(type)_mod(
	samples_per_symbol=$samples_per_symbol,
	excess_bw=$excess_bw,
	gray_coded=$gray_coded,
	verbose=$verbose,
	log=$log)
	</make>
	<param>
		<name>Type</name>
		<key>type</key>
		<type>enum</type>
		<option>
			<name>DBPSK</name>
			<key>dbpsk</key>
		</option>
		<option>
			<name>DQPSK</name>
			<key>dqpsk</key>
		</option>
		<option>
			<name>D8PSK</name>
			<key>d8psk</key>
		</option>
	</param>
	<param>
		<name>Samples/Symbol</name>
		<key>samples_per_symbol</key>
		<value>2</value>
		<type>int</type>
	</param>
	<param>
		<name>Excess BW</name>
		<key>excess_bw</key>
		<value>0.35</value>
		<type>real</type>
	</param>
	<param>
		<name>Gray Code</name>
		<key>gray_coded</key>
		<value>True</value>
		<type>enum</type>
		<option>
			<name>Yes</name>
			<key>True</key>
		</option>
		<option>
			<name>No</name>
			<key>False</key>
		</option>
	</param>
	<param>
		<name>Verbose</name>
		<key>verbose</key>
		<value>False</value>
		<type>bool</type>
		<hide>#if str($verbose) == 'False' then 'part' else 'none'#</hide>
		<option>
			<name>On</name>
			<key>True</key>
		</option>
		<option>
			<name>Off</name>
			<key>False</key>
		</option>
	</param>
	<param>
		<name>Logging</name>
		<key>log</key>
		<value>False</value>
		<type>bool</type>
		<hide>#if str($log) == 'False' then 'part' else 'none'#</hide>
		<option>
			<name>On</name>
			<key>True</key>
		</option>
		<option>
			<name>Off</name>
			<key>False</key>
		</option>
	</param>
	<sink>
		<name>in</name>
		<type>byte</type>
	</sink>
	<source>
		<name>out</name>
		<type>complex</type>
	</source>
</block>
