<?xml version="1.0"?>
<!--
###################################################
## GMSK
###################################################
 -->
<block>
	<name>GMSK Modulator</name>
	<key>digital_gmskmod_bc</key>
	<import>from gnuradio import digital</import>
	<make>digital.gmskmod_bc($samples_per_symbol, $bt, $L)</make>
	<param>
		<name>Samples/Symbol</name>
		<key>samples_per_symbol</key>
		<value>2</value>
		<type>int</type>
	</param>
	<param>
		<name>3 dB Time-Bandwith Product</name>
		<key>bt</key>
		<value>0.3</value>
		<type>real</type>
	</param>
	<param>
		<name>Pulse Duration (Symbols)</name>
		<key>L</key>
		<value>4</value>
		<type>int</type>
	</param>
	<sink>
		<name>in</name>
		<type>byte</type>
	</sink>
	<source>
		<name>out</name>
		<type>complex</type>
	</source>
</block>
