<?xml version="1.0"?>
<!--
###################################################
##MPSK Receiver
###################################################
 -->
<block>
	<name>MPSK Receiver</name>
	<key>digital_mpsk_receiver_cc</key>
	<import>from gnuradio import digital;import cmath</import>
	<make>digital.mpsk_receiver_cc($M, $theta, $w, $fmin, $fmax, $mu, $gain_mu, $omega, $gain_omega, $omega_relative_limit)</make>
	<callback>set_loop_bandwidth($w)</callback>
	<callback>set_mu($mu)</callback>
	<callback>set_gain_mu($gain_mu)</callback>
	<callback>set_omega($omega)</callback>
	<callback>set_gain_omega($gain_omega)</callback>
	<param>
		<name>M</name>
		<key>M</key>
        <value>4</value>
		<type>int</type>
	</param>
	<param>
		<name>Theta</name>
		<key>theta</key>
        <value>0</value>
		<type>real</type>
	</param>
	<param>
		<name>Loop Bandwidth</name>
		<key>w</key>
        <value>cmath.pi/100.0</value>
		<type>real</type>
	</param>
	<param>
		<name>Min Freq</name>
		<key>fmin</key>
        <value>-0.5</value>
		<type>real</type>
	</param>
	<param>
		<name>Max Freq</name>
		<key>fmax</key>
        <value>0.5</value>
		<type>real</type>
	</param>
	<param>
		<name>Mu</name>
		<key>mu</key>
        <value>0.25</value>
		<type>real</type>
	</param>
	<param>
		<name>Gain Mu</name>
		<key>gain_mu</key>
        <value>0.01</value>
		<type>real</type>
	</param>
	<param>
		<name>Omega</name>
		<key>omega</key>
        <value>2</value>
		<type>real</type>
	</param>
	<param>
		<name>Gain Omega</name>
		<key>gain_omega</key>
        <value>0.001</value>
		<type>real</type>
	</param>
	<param>
		<name>Omega Relative Limit</name>
		<key>omega_relative_limit</key>
        <value>0.001</value>
		<type>real</type>
	</param>
	<sink>
		<name>in</name>
		<type>complex</type>
	</sink>
	<source>
		<name>out</name>
		<type>complex</type>
	</source>

</block>
