<?xml version="1.0"?>
<!--
###################################################
##Chunks to Symbols
###################################################
 -->
<block>
	<name>Chunks to Symbols</name>
	<key>digital_chunks_to_symbols_xx</key>
	<import>from gnuradio import digital</import>
	<make>digital.chunks_to_symbols_$(in_type.fcn)$(out_type.fcn)($symbol_table, $dimension)</make>
	<param>
		<name>Input Type</name>
		<key>in_type</key>
		<type>enum</type>
		<option>
			<name>Int</name>
			<key>int</key>
			<opt>fcn:i</opt>
		</option>
		<option>
			<name>Short</name>
			<key>short</key>
			<opt>fcn:s</opt>
		</option>
		<option>
			<name>Byte</name>
			<key>byte</key>
			<opt>fcn:b</opt>
		</option>
	</param>
	<param>
		<name>Output Type</name>
		<key>out_type</key>
		<type>enum</type>
		<option>
			<name>Complex</name>
			<key>complex</key>
			<opt>fcn:c</opt>
			<opt>table:complex_vector</opt>
		</option>
		<option>
			<name>Float</name>
			<key>float</key>
			<opt>fcn:f</opt>
			<opt>table:real_vector</opt>
		</option>
	</param>
	<param>
		<name>Symbol Table</name>
		<key>symbol_table</key>
		<type>$out_type.table</type>
	</param>
	<param>
		<name>Dimension</name>
		<key>dimension</key>
		<value>2</value>
		<type>int</type>
	</param>
	<param>
		<name>Num Ports</name>
		<key>num_ports</key>
		<value>1</value>
		<type>int</type>
	</param>
	<check>$num_ports &gt; 0</check>
	<sink>
		<name>in</name>
		<type>$in_type</type>
		<nports>$num_ports</nports>
	</sink>
	<source>
		<name>out</name>
		<type>$out_type</type>
		<nports>$num_ports</nports>
	</source>
</block>
