<?xml version="1.0"?>
<block>
  <name>Demodulation filterbank</name>
  <key>digital_demod_filterbank_ccvc</key>
  <category>Digital</category>
  <import>from gnuradio import digital</import>
  <import>from gnuradio import gr</import>
  <import>from gnuradio.gr import firdes</import>
  <import>import numpy</import>
  <make>digital.demod_filterbank_ccvc($filterbank_args)</make>
  <callback></callback>

  <param>
	<name>basis vectors</name>
	<key>numvec</key>
	<value>2</value>
	<type>int</type>
  </param>

  <param>
	<name>Filterbank Args</name>
	<key>filterbank_args</key>
	<type>raw</type>
  </param>

  <sink>
    <name>in</name>
    <type>complex</type>
  </sink>

  <source>
    <name>out</name>
    <type>complex</type>
    <vlen>$numvec</vlen>
  </source>
</block>
