<?xml version="1.0"?>
<!--
###################################################
##Differential Encoder
###################################################
 -->
<block>
	<name>Differential Encoder</name>
	<key>digital_diff_encoder_bb</key>
	<import>from gnuradio import digital</import>
	<make>digital.diff_encoder_bb($modulus)</make>
	<param>
		<name>Modulus</name>
		<key>modulus</key>
		<type>int</type>
	</param>
	<sink>
		<name>in</name>
		<type>byte</type>
	</sink>
	<source>
		<name>out</name>
		<type>byte</type>
	</source>
</block>
