<?xml version="1.0"?>
<!--
###################################################
##GFSK Mod
###################################################
 -->
<block>
	<name>GFSK Mod</name>
	<key>digital_gfsk_mod</key>
	<import>from gnuradio import digital</import>
	<make>digital.gfsk_mod(
	samples_per_symbol=$samples_per_symbol,
	sensitivity=$sensitivity,
	bt=$bt,
	verbose=$verbose,
	log=$log,
)</make>
	<param>
		<name>Samples/Symbol</name>
		<key>samples_per_symbol</key>
		<value>2</value>
		<type>int</type>
	</param>
	<param>
		<name>Sensitivity</name>
		<key>sensitivity</key>
		<value>1.0</value>
		<type>real</type>
	</param>
	<param>
		<name>BT</name>
		<key>bt</key>
		<value>0.35</value>
		<type>real</type>
	</param>
	<param>
		<name>Verbose</name>
		<key>verbose</key>
		<value>False</value>
		<type>bool</type>
		<hide>#if str($verbose) == 'False' then 'part' else 'none'#</hide>
		<option>
			<name>On</name>
			<key>True</key>
		</option>
		<option>
			<name>Off</name>
			<key>False</key>
		</option>
	</param>
	<param>
		<name>Logging</name>
		<key>log</key>
		<value>False</value>
		<type>bool</type>
		<hide>#if str($log) == 'False' then 'part' else 'none'#</hide>
		<option>
			<name>On</name>
			<key>True</key>
		</option>
		<option>
			<name>Off</name>
			<key>False</key>
		</option>
	</param>
	<sink>
		<name>in</name>
		<type>byte</type>
	</sink>
	<source>
		<name>out</name>
		<type>complex</type>
	</source>
</block>
