<?xml version="1.0"?>
<block>
	<name>Phase Correction NDA</name>
	<key>digital_phase_correction_nda_vcvc</key>
	<category>Digital</category>
	<import>from gnuradio import digital</import>
	<make>digital.phase_correction_nda_vcvc($lvec, $power, $loop_bw, $max_freq, $min_freq, $cnst)</make>
	<callback>digital_constellation.base()</callback>

	<param>
		<name>length of input vectors</name>
		<key>lvec</key>
		<value>1</value>
		<type>int</type>
	</param>

	<param>
		<name>Power</name>
		<key>power</key>
		<value>2</value>
		<type>int</type>
	</param>

	<param>
		<name>PLL Bandwidth(rads)</name>
		<key>loop_bw</key>
		<value>0.01</value>
		<type>real</type>
	</param>

	<param>
		<name>Maximum PLL frequency</name>
		<key>max_freq</key>
		<value>0.01</value>
		<type>real</type>
	</param>

	<param>
		<name>Minimum PLL frequency</name>
		<key>min_freq</key>
		<value>0</value>
		<type>real</type>
	</param>

	<param>
		<name>Constellation Object</name>
		<key>cnst</key>
		<type>raw</type>
	</param>


	<sink>
		<name>in</name>
		<type>complex</type>
		<vlen>$lvec</vlen>
	</sink>

	<source>
		<name>out</name>
		<type>complex</type>
		<vlen>$lvec</vlen>
	</source>
</block>
